{"cameraMode":{"drawMode":0,"name":"Shaded","section":"Shading Mode"},"sceneLighting":true,"audioPlay":false,"sceneViewState":{"m_AlwaysRefresh":false,"showFog":true,"showSkybox":true,"showFlares":true,"showImageEffects":true,"showParticleSystems":true,"showVisualEffectGraphs":true,"m_FxEnabled":true},"in2DMode":false,"pivot":{"x":-9.588348388671875,"y":1.0343869924545289,"z":-0.3251023292541504},"rotation":{"x":-0.036316078156232837,"y":0.5583961606025696,"z":-0.02447863668203354,"w":-0.8284184336662293},"size":10.813042640686036,"orthographic":false}